{
    "model_name": "ResNeXt-50",
    "test_accuracy": 0.9684065934065934,
    "inference_time_ms": 7.686159610748291,
    "model_size_mb": 87.73954010009766,
    "parameters": 23000394,
    "flops": 4286156800,
    "macs": 23000394,
    "roc_auc_score": 0.9979827716572357,
    "per_class_accuracy": {
        "3_long_blade_rotor": 0.9915254237288136,
        "3_short_blade_rotor_1": 0.9436619718309859,
        "3_short_blade_rotor_2": 0.9253731343283582,
        "Bird": 1.0,
        "Bird+mini-helicopter_1": 0.8947368421052632,
        "Bird+mini-helicopter_2": 0.96,
        "RC plane_1": 1.0,
        "RC plane_2": 1.0,
        "drone_1": 0.9206349206349206,
        "drone_2": 1.0
    },
    "classification_report": {
        "3_long_blade_rotor": {
            "precision": 0.9831932773109243,
            "recall": 0.9915254237288136,
            "f1-score": 0.9873417721518987,
            "support": 118
        },
        "3_short_blade_rotor_1": {
            "precision": 0.9710144927536232,
            "recall": 0.9436619718309859,
            "f1-score": 0.9571428571428571,
            "support": 71
        },
        "3_short_blade_rotor_2": {
            "precision": 0.96875,
            "recall": 0.9253731343283582,
            "f1-score": 0.9465648854961832,
            "support": 67
        },
        "Bird": {
            "precision": 1.0,
            "recall": 1.0,
            "f1-score": 1.0,
            "support": 107
        },
        "Bird+mini-helicopter_1": {
            "precision": 0.9622641509433962,
            "recall": 0.8947368421052632,
            "f1-score": 0.9272727272727272,
            "support": 57
        },
        "Bird+mini-helicopter_2": {
            "precision": 0.9411764705882353,
            "recall": 0.96,
            "f1-score": 0.9504950495049505,
            "support": 50
        },
        "RC plane_1": {
            "precision": 0.9032258064516129,
            "recall": 1.0,
            "f1-score": 0.9491525423728813,
            "support": 56
        },
        "RC plane_2": {
            "precision": 1.0,
            "recall": 1.0,
            "f1-score": 1.0,
            "support": 66
        },
        "drone_1": {
            "precision": 1.0,
            "recall": 0.9206349206349206,
            "f1-score": 0.9586776859504132,
            "support": 63
        },
        "drone_2": {
            "precision": 0.9240506329113924,
            "recall": 1.0,
            "f1-score": 0.9605263157894737,
            "support": 73
        },
        "accuracy": 0.9684065934065934,
        "macro avg": {
            "precision": 0.9653674830959182,
            "recall": 0.9635932292628342,
            "f1-score": 0.9637173835681384,
            "support": 728
        },
        "weighted avg": {
            "precision": 0.9695182791280269,
            "recall": 0.9684065934065934,
            "f1-score": 0.9683108171284245,
            "support": 728
        }
    },
    "characteristics": [
        "Extension of ResNet that aggregates residual transformations",
        "Uses split-transform-merge strategy with grouped convolutions",
        "Better performance than ResNet with similar complexity",
        "Higher accuracy-to-computation ratio than many models",
        "Cardinality dimension provides a more effective way to adjust model capacity"
    ]
}