{
    "model_name": "DenseNet-121",
    "test_accuracy": 0.9725274725274725,
    "inference_time_ms": 15.000324249267578,
    "model_size_mb": 26.565956115722656,
    "parameters": 6964106,
    "flops": 2895993344,
    "macs": 6964106,
    "roc_auc_score": 0.9996560870058252,
    "per_class_accuracy": {
        "3_long_blade_rotor": 0.9830508474576272,
        "3_short_blade_rotor_1": 0.9859154929577465,
        "3_short_blade_rotor_2": 0.9253731343283582,
        "Bird": 1.0,
        "Bird+mini-helicopter_1": 0.9298245614035088,
        "Bird+mini-helicopter_2": 0.92,
        "RC plane_1": 1.0,
        "RC plane_2": 1.0,
        "drone_1": 0.9365079365079365,
        "drone_2": 1.0
    },
    "classification_report": {
        "3_long_blade_rotor": {
            "precision": 0.9830508474576272,
            "recall": 0.9830508474576272,
            "f1-score": 0.9830508474576272,
            "support": 118
        },
        "3_short_blade_rotor_1": {
            "precision": 0.9210526315789473,
            "recall": 0.9859154929577465,
            "f1-score": 0.9523809523809524,
            "support": 71
        },
        "3_short_blade_rotor_2": {
            "precision": 0.9841269841269841,
            "recall": 0.9253731343283582,
            "f1-score": 0.9538461538461538,
            "support": 67
        },
        "Bird": {
            "precision": 1.0,
            "recall": 1.0,
            "f1-score": 1.0,
            "support": 107
        },
        "Bird+mini-helicopter_1": {
            "precision": 0.9298245614035088,
            "recall": 0.9298245614035088,
            "f1-score": 0.9298245614035088,
            "support": 57
        },
        "Bird+mini-helicopter_2": {
            "precision": 0.9387755102040817,
            "recall": 0.92,
            "f1-score": 0.9292929292929293,
            "support": 50
        },
        "RC plane_1": {
            "precision": 1.0,
            "recall": 1.0,
            "f1-score": 1.0,
            "support": 56
        },
        "RC plane_2": {
            "precision": 1.0,
            "recall": 1.0,
            "f1-score": 1.0,
            "support": 66
        },
        "drone_1": {
            "precision": 1.0,
            "recall": 0.9365079365079365,
            "f1-score": 0.9672131147540983,
            "support": 63
        },
        "drone_2": {
            "precision": 0.948051948051948,
            "recall": 1.0,
            "f1-score": 0.9733333333333333,
            "support": 73
        },
        "accuracy": 0.9725274725274725,
        "macro avg": {
            "precision": 0.9704882482823096,
            "recall": 0.9680671972655178,
            "f1-score": 0.9688941892468603,
            "support": 728
        },
        "weighted avg": {
            "precision": 0.9731838083744635,
            "recall": 0.9725274725274725,
            "f1-score": 0.9724988268602032,
            "support": 728
        }
    },
    "characteristics": [
        "Dense connectivity pattern with direct connections from any layer to all subsequent layers",
        "Excellent feature reuse through dense connections",
        "Requires fewer parameters due to feature reuse",
        "Good performance with reduced overfitting",
        "Efficient gradient flow during training"
    ]
}