{"train_losses": [1.3476116784180092, 0.8753280050516682, 0.6732287400621334, 0.563586845291002, 0.49754344401331285, 0.44602955197452054, 0.44044218749599257, 0.3755224187001029, 0.3725808270508003, 0.31428866610449596, 0.27872604107113036, 0.24798696830611341, 0.23428714787815613, 0.22934682029951292, 0.1934448150083803, 0.186407526149735, 0.16551565725983464, 0.1402144815372296, 0.15429284062297052, 0.139673651117552, 0.1312956586576178, 0.12036360221352889, 0.12849293589653443, 0.09193414111256015, 0.0727906388857986, 0.07461246277452221, 0.07007613507288883, 0.055838906557927524, 0.08985094906635953, 0.08458412763813655, 0.0710844534705459, 0.038806556980191635, 0.03478504280571963, 0.07730377013630614, 0.0378248504261921, 0.02808390382161596, 0.036039641352198, 0.029072125987098154, 0.02411314928157485, 0.04015473970582987, 0.04831554425472634, 0.039755678673969404, 0.030526451845241595, 0.016909882561764653, 0.011237366582605757, 0.016333096348672152, 0.04508106186784291, 0.03071592032590549, 0.02408715089738415, 0.011587173773298008, 0.007126573665770067, 0.018905191382402365, 0.011125284978425066, 0.0174591349078653, 0.00840152534089606, 0.007260039975263081, 0.019837802953559056, 0.013484831240347947, 0.00718779969729001, 0.025553257220678492, 0.0164661301013258, 0.027303522500250567, 0.0055650348162130155, 0.0034819296569584815, 0.007745548099423219, 0.0026479146585442733, 0.005225458988028147, 0.008198137222576745, 0.005219538643769872, 0.0014506539253776806, 0.0022725559097958896, 0.0013585801664418122, 0.0009122123288364754, 0.0009214948683561286, 0.0005525308699052604, 0.0008361331623498486, 0.0009231097696958382, 0.001192628282129997, 0.0011041373718284084, 0.002029528921867641, 0.004168865874147494, 0.0014384033860214732, 0.0017984777165096148, 0.0020816122444856024, 0.0019085061584605799, 0.003338982179127326, 0.0028910553352928907, 0.001605939637875839, 0.0024997178854919695, 0.0010799318043619287, 0.0009109858983729565, 0.0009463788606362098, 0.0007614043728405474, 0.0007855449311882277, 0.0007040268056921528, 0.0012679514844910742, 0.0006611102588856979, 0.0011235025104701416, 0.000631923059212367, 0.00048792591034217453], "train_accs": [50.65738592420727, 66.74400618716165, 74.8388759989688, 78.73163186388244, 80.48466099510183, 83.29466357308584, 83.32044341325084, 86.07888631090488, 86.02732663057489, 88.39907192575406, 89.86852281515854, 91.38953338489301, 91.56999226604795, 91.7246713070379, 93.45192059809229, 93.76127868007218, 94.5604537251869, 95.30806908997164, 94.92137148749677, 95.48852797112657, 95.87522557360144, 95.90100541376644, 95.79788605310647, 96.77751997937612, 97.88605310647074, 97.37045630317093, 97.78293374581078, 98.16963134828563, 97.06109822119103, 97.21577726218098, 97.49935550399587, 98.83990719257541, 98.89146687290538, 97.08687806135602, 98.94302655323537, 99.27816447538025, 98.91724671307038, 99.20082495488528, 99.35550399587522, 98.65944831142046, 98.37587006960557, 98.71100799175045, 99.1492652745553, 99.45862335653518, 99.6906419180201, 99.45862335653518, 98.47898943026553, 98.76256767208044, 99.30394431554524, 99.76798143851508, 99.81954111884507, 99.51018303686517, 99.74220159835009, 99.56174271719516, 99.74220159835009, 99.76798143851508, 99.22660479505026, 99.7164217581851, 99.84532095901005, 99.04614591389533, 99.45862335653518, 99.07192575406033, 99.89688063934004, 99.97422015983501, 99.74220159835009, 99.97422015983501, 99.89688063934004, 99.76798143851508, 99.87110079917504, 100.0, 99.97422015983501, 100.0, 100.0, 100.0, 100.0, 100.0, 100.0, 100.0, 100.0, 99.97422015983501, 99.92266047950503, 100.0, 100.0, 99.94844031967001, 99.97422015983501, 99.94844031967001, 99.87110079917504, 99.97422015983501, 99.94844031967001, 100.0, 100.0, 100.0, 100.0, 100.0, 100.0, 99.94844031967001, 100.0, 99.97422015983501, 100.0, 100.0], "val_losses": [0.9511601287039098, 0.8890221383598321, 0.5109284806680359, 0.4499114937958593, 0.5747672018359091, 0.39618620392143356, 0.39235826712979033, 0.4495217431417144, 0.2870091061941401, 0.27123724510984815, 0.34361668749680835, 0.37574814856977934, 0.24417167102559384, 0.2527517539993272, 0.26252557613032335, 0.215396432232909, 0.2694822014497466, 0.23809693687672315, 0.19747009076800884, 0.16379456619821745, 0.13472775051222755, 0.2063426416570718, 0.13368847808659878, 0.12087014306714569, 0.17280595501842397, 0.14956719973735563, 0.1397974631369117, 0.12631447886947858, 0.10789704398277015, 0.15399325181593332, 0.1116229775260486, 0.11581582601585158, 0.18707585678317518, 0.1300071749556647, 0.13819230967692986, 0.09813354137972673, 0.13181563526754486, 0.08914705582204853, 0.10588196053072775, 0.13584885380122866, 0.10049442324034656, 0.11918876938686648, 0.08070765509045737, 0.09066554129028302, 0.12153109290662865, 0.137853955346774, 0.11069323737990897, 0.09025447997320225, 0.09248485925513188, 0.0712222512670799, 0.07908284099169542, 0.11446465217370028, 0.08987200146976773, 0.09840036829648723, 0.08412562721891195, 0.11131565107970728, 0.08448217960901744, 0.09661996846810234, 0.08263854892481182, 0.09503423422109517, 0.07945171831702084, 0.09319045849282115, 0.07462499552038897, 0.07012754898194423, 0.07858472236489197, 0.06963281234076016, 0.08016351951497712, 0.07891476127368689, 0.06640165657509797, 0.05698977083661053, 0.060206434467304455, 0.055964270414663946, 0.04863622550691019, 0.05291630115805497, 0.04733934240373679, 0.05135083444473412, 0.05469709178465172, 0.05135092335218533, 0.06861836130618851, 0.05253177405069527, 0.07092100438586812, 0.06662350214863531, 0.06433630556540693, 0.07392240461596251, 0.066078897055662, 0.06150049375862876, 0.08357414310344315, 0.07374737893976577, 0.07816624926191416, 0.07615365516184666, 0.07618951054750364, 0.06970262387527539, 0.0728462418778568, 0.07289678462959695, 0.0678294833365419, 0.07199862862449762, 0.07029357095433857, 0.06236547349001459, 0.06471135776007746, 0.06365634337271142], "val_accs": [61.697722567287784, 67.90890269151139, 79.5031055900621, 82.19461697722568, 76.19047619047619, 83.4368530020704, 83.85093167701864, 82.81573498964804, 90.06211180124224, 88.40579710144928, 86.5424430641822, 88.40579710144928, 90.89026915113871, 91.09730848861284, 90.47619047619048, 91.51138716356108, 89.648033126294, 91.7184265010352, 93.58178053830228, 93.58178053830228, 96.48033126293996, 92.54658385093168, 93.99585921325051, 95.03105590062111, 94.61697722567288, 95.03105590062111, 95.65217391304348, 95.03105590062111, 97.10144927536231, 94.20289855072464, 96.06625258799171, 96.06625258799171, 94.20289855072464, 96.48033126293996, 96.48033126293996, 97.51552795031056, 95.8592132505176, 97.30848861283644, 97.10144927536231, 96.48033126293996, 96.48033126293996, 95.65217391304348, 97.51552795031056, 97.10144927536231, 96.8944099378882, 96.68737060041408, 96.27329192546584, 96.68737060041408, 96.8944099378882, 98.13664596273291, 97.9296066252588, 97.10144927536231, 97.10144927536231, 97.10144927536231, 97.51552795031056, 97.30848861283644, 97.51552795031056, 97.10144927536231, 97.51552795031056, 96.27329192546584, 97.72256728778468, 97.9296066252588, 97.9296066252588, 98.13664596273291, 97.72256728778468, 98.13664596273291, 97.9296066252588, 97.72256728778468, 98.13664596273291, 98.13664596273291, 98.13664596273291, 98.55072463768116, 98.55072463768116, 98.13664596273291, 98.55072463768116, 98.34368530020704, 98.13664596273291, 98.13664596273291, 98.13664596273291, 98.13664596273291, 98.13664596273291, 98.13664596273291, 98.13664596273291, 98.13664596273291, 98.13664596273291, 98.34368530020704, 97.9296066252588, 98.13664596273291, 98.13664596273291, 98.34368530020704, 98.34368530020704, 98.13664596273291, 98.13664596273291, 98.34368530020704, 98.34368530020704, 98.34368530020704, 98.13664596273291, 98.13664596273291, 98.34368530020704, 98.13664596273291]}